<?xml version="1.0" encoding="utf-8" ?><dwsync><file name="browse.php" server="namesandfaces.hotchkiss.org" local="3550490122" remote="3544555500" Dst="-1" /><file name="csvform2.php" server="namesandfaces.hotchkiss.org" local="3550490122" remote="3544022340" Dst="-1" /><file name="createDB.php" server="namesandfaces.hotchkiss.org" local="3550490122" remote="3542377920" Dst="-1" /><file name="csvform.php" server="namesandfaces.hotchkiss.org" local="3550490122" remote="3543452100" Dst="-1" /><file name="csvformtest.php" server="namesandfaces.hotchkiss.org" local="3550490124" remote="3546970740" Dst="-1" /><file name="csvformtest2.php" server="namesandfaces.hotchkiss.org" local="3550490124" remote="3544018980" Dst="-1" /><file name="csvimport.php" server="namesandfaces.hotchkiss.org" local="3550490124" remote="3546973260" Dst="-1" /><file name="csvphpformtest.php" server="namesandfaces.hotchkiss.org" local="3550490124" remote="3544811160" Dst="-1" /><file name="csvphpformtest2.php" server="namesandfaces.hotchkiss.org" local="3550490124" remote="3544017960" Dst="-1" /><file name="dbsamplequeryprogram.php" server="namesandfaces.hotchkiss.org" local="3550490124" remote="3546436980" Dst="-1" /><file name="dbsingle.php" server="namesandfaces.hotchkiss.org" local="3550490125" remote="3544714620" Dst="-1" /><file name="deleteeveryone.php" server="namesandfaces.hotchkiss.org" local="3550490125" remote="3546970800" Dst="-1" /><file name="editinfoformtest.php" server="namesandfaces.hotchkiss.org" local="3550490125" remote="3544807380" Dst="-1" /><file name="filenames.txt" server="namesandfaces.hotchkiss.org" local="3550490125" remote="3543973260" Dst="-1" /><file name="formtest1.php" server="namesandfaces.hotchkiss.org" local="3550490125" remote="3544749420" Dst="-1" /><file name="index.html" server="namesandfaces.hotchkiss.org" local="3550490125" remote="3535742760" Dst="-1" /><file name="list_of_everyone.csv" server="namesandfaces.hotchkiss.org" local="3550490125" remote="3543973260" Dst="-1" /><file name="login.php" server="namesandfaces.hotchkiss.org" local="3550490125" remote="3544024680" Dst="-1" /><file name="logintwo.php" server="namesandfaces.hotchkiss.org" local="3550490125" remote="3545362380" Dst="-1" /><file name="officiallogin.php" server="namesandfaces.hotchkiss.org" local="3550490125" remote="3543975720" Dst="-1" /><file name="originalsamplequeryprogram.php" server="namesandfaces.hotchkiss.org" local="3550490125" remote="3544705140" Dst="-1" /><file name="password.txt" server="namesandfaces.hotchkiss.org" local="3550490125" remote="3545177820" Dst="-1" /><file name="readfile.php" server="namesandfaces.hotchkiss.org" local="3550490125" remote="3543603120" Dst="-1" /><file name="sampledata.csv" server="namesandfaces.hotchkiss.org" local="3550490125" remote="3542928120" Dst="-1" /><file name="samplequeryprogram.php" server="namesandfaces.hotchkiss.org" local="3550490125" remote="3544533900" Dst="-1" /><file name="search.txt" server="namesandfaces.hotchkiss.org" local="3550490125" remote="3545359140" Dst="-1" /><file name="schoolservertest.php" server="namesandfaces.hotchkiss.org" local="3550490125" remote="3543283740" Dst="-1" /><file name="searchjson.php" server="namesandfaces.hotchkiss.org" local="3550490125" remote="3545578680" Dst="-1" /><file name="searchpage.php" server="namesandfaces.hotchkiss.org" local="3550490125" remote="3545672520" Dst="-1" /><file name="searchquery.php" server="namesandfaces.hotchkiss.org" local="3550490125" remote="3545578140" Dst="-1" /><file name="terms.php" server="namesandfaces.hotchkiss.org" local="3550490125" remote="3545176080" Dst="-1" /><file name="testcsv.html" server="namesandfaces.hotchkiss.org" local="3550490126" remote="3543513660" Dst="-1" /><file name="uploadcsvfile.php" server="namesandfaces.hotchkiss.org" local="3550490126" remote="3543346440" Dst="-1" /></dwsync>