<?xml version="1.0" encoding="utf-8" ?><dwsync><file name="16_Abisch_Jordan.jpg" server="namesandfaces.hotchkiss.org" local="3550490125" remote="3542923860" Dst="-1" /><file name="16_Bolonnikova_Kateryna.jpg" server="namesandfaces.hotchkiss.org" local="3550490125" remote="3542923860" Dst="-1" /><file name="16_Kalaydjian_Edward.jpg" server="namesandfaces.hotchkiss.org" local="3550490125" remote="3542923860" Dst="-1" /><file name="16_Romoff_Avital.jpg" server="namesandfaces.hotchkiss.org" local="3550490125" remote="3542923860" Dst="-1" /><file name="16_Xu_Hannah.jpg" server="namesandfaces.hotchkiss.org" local="3550490125" remote="3542923860" Dst="-1" /><file name="17_Astorian_Lucas.jpg" server="namesandfaces.hotchkiss.org" local="3550490125" remote="3542923860" Dst="-1" /><file name="17_Brown_Jada.jpg" server="namesandfaces.hotchkiss.org" local="3550490125" remote="3542923860" Dst="-1" /><file name="17_Humphries_Avery.jpg" server="namesandfaces.hotchkiss.org" local="3550490125" remote="3542923860" Dst="-1" /><file name="17_Mok_Darren.jpg" server="namesandfaces.hotchkiss.org" local="3550490125" remote="3542923860" Dst="-1" /><file name="17_Sam_Aba.jpg" server="namesandfaces.hotchkiss.org" local="3550490125" remote="3542923860" Dst="-1" /><file name="18_Goh_Sumin.jpg" server="namesandfaces.hotchkiss.org" local="3550490125" remote="3542923860" Dst="-1" /><file name="18_Li_Elysia.jpg" server="namesandfaces.hotchkiss.org" local="3550490125" remote="3542923860" Dst="-1" /><file name="18_Presutti_Devon.jpg" server="namesandfaces.hotchkiss.org" local="3550490125" remote="3542923860" Dst="-1" /><file name="18_Zingarelli_Marco.jpg" server="namesandfaces.hotchkiss.org" local="3550490125" remote="3542923860" Dst="-1" /><file name="18_Suslavich_Samuel.jpg" server="namesandfaces.hotchkiss.org" local="3550490125" remote="3542923860" Dst="-1" /><file name="19_Getman_Thomas.jpg" server="namesandfaces.hotchkiss.org" local="3550490125" remote="3542923860" Dst="-1" /><file name="19_Giffenig_Katya.jpg" server="namesandfaces.hotchkiss.org" local="3550490125" remote="3542923860" Dst="-1" /><file name="19_Lee_Joohee.jpg" server="namesandfaces.hotchkiss.org" local="3550490125" remote="3542923860" Dst="-1" /><file name="19_Spark_Ashley.jpg" server="namesandfaces.hotchkiss.org" local="3550490125" remote="3542923860" Dst="-1" /><file name="19_Talley_Nia.jpg" server="namesandfaces.hotchkiss.org" local="3550490125" remote="3542923860" Dst="-1" /><file name="Baldwin_Joan.jpg" server="namesandfaces.hotchkiss.org" local="3550490125" remote="3542923860" Dst="-1" /><file name="Fornshell_James.jpg" server="namesandfaces.hotchkiss.org" local="3550490125" remote="3542923860" Dst="-1" /><file name="Hale_Chris.jpg" server="namesandfaces.hotchkiss.org" local="3550490125" remote="3542923860" Dst="-1" /><file name="Hsia_Peggy.jpg" server="namesandfaces.hotchkiss.org" local="3550490125" remote="3542923860" Dst="-1" /><file name="Slaughter_Dana.jpg" server="namesandfaces.hotchkiss.org" local="3550490125" remote="3542923860" Dst="-1" /></dwsync>